company,ticker,sector,revenue_B,scenario,event_category,channel,severity,impact_mid_pct,impact_mid_usd_M,geo_exposure
Apple,AAPL,Information Technology,383,Red Sea shipping disruption,armed_conflict_instability,procurement_supply_chain,-0.321,0.13,500,"Heavy China manufacturing (90%+ iPhones assembled there), global sales in 40+ countries"
Apple,AAPL,Information Technology,383,US-China tariff escalation,trade_policy_actions,procurement_supply_chain,-0.337,0.09,335,"Heavy China manufacturing (90%+ iPhones assembled there), global sales in 40+ countries"
Apple,AAPL,Information Technology,383,Russia-Ukraine escalation,armed_conflict_instability,procurement_supply_chain,-0.321,0.13,500,"Heavy China manufacturing (90%+ iPhones assembled there), global sales in 40+ countries"
Apple,AAPL,Information Technology,383,OPEC production cut,resource_energy_disruptions,procurement_supply_chain,-0.376,0.1,369,"Heavy China manufacturing (90%+ iPhones assembled there), global sales in 40+ countries"
Apple,AAPL,Information Technology,383,Taiwan Strait tensions,armed_conflict_instability,procurement_supply_chain,-0.321,0.13,500,"Heavy China manufacturing (90%+ iPhones assembled there), global sales in 40+ countries"
Apple,AAPL,Information Technology,383,Iran nuclear crisis,armed_conflict_instability,procurement_supply_chain,-0.321,0.13,500,"Heavy China manufacturing (90%+ iPhones assembled there), global sales in 40+ countries"
Apple,AAPL,Information Technology,383,Major cyberattack,armed_conflict_instability,procurement_supply_chain,-0.321,0.13,500,"Heavy China manufacturing (90%+ iPhones assembled there), global sales in 40+ countries"
Apple,AAPL,Information Technology,383,EU regulatory crackdown,regulatory_sovereignty_shifts,procurement_supply_chain,-0.375,0.08,315,"Heavy China manufacturing (90%+ iPhones assembled there), global sales in 40+ countries"
Apple,AAPL,Information Technology,383,Emerging market debt crisis,resource_energy_disruptions,procurement_supply_chain,-0.376,0.1,369,"Heavy China manufacturing (90%+ iPhones assembled there), global sales in 40+ countries"
Apple,AAPL,Information Technology,383,Global supply chain shock,resource_energy_disruptions,procurement_supply_chain,-0.376,0.1,369,"Heavy China manufacturing (90%+ iPhones assembled there), global sales in 40+ countries"
Microsoft,MSFT,Information Technology,245,Red Sea shipping disruption,armed_conflict_instability,procurement_supply_chain,-0.318,0.14,342,"Cloud infrastructure worldwide, enterprise contracts with governments, Azure in 60+ regions"
Microsoft,MSFT,Information Technology,245,US-China tariff escalation,trade_policy_actions,procurement_supply_chain,-0.378,0.08,197,"Cloud infrastructure worldwide, enterprise contracts with governments, Azure in 60+ regions"
Microsoft,MSFT,Information Technology,245,Russia-Ukraine escalation,armed_conflict_instability,procurement_supply_chain,-0.318,0.14,342,"Cloud infrastructure worldwide, enterprise contracts with governments, Azure in 60+ regions"
Microsoft,MSFT,Information Technology,245,OPEC production cut,resource_energy_disruptions,procurement_supply_chain,-0.376,0.15,368,"Cloud infrastructure worldwide, enterprise contracts with governments, Azure in 60+ regions"
Microsoft,MSFT,Information Technology,245,Taiwan Strait tensions,armed_conflict_instability,procurement_supply_chain,-0.318,0.14,342,"Cloud infrastructure worldwide, enterprise contracts with governments, Azure in 60+ regions"
Microsoft,MSFT,Information Technology,245,Iran nuclear crisis,armed_conflict_instability,procurement_supply_chain,-0.318,0.14,342,"Cloud infrastructure worldwide, enterprise contracts with governments, Azure in 60+ regions"
Microsoft,MSFT,Information Technology,245,Major cyberattack,armed_conflict_instability,procurement_supply_chain,-0.318,0.14,342,"Cloud infrastructure worldwide, enterprise contracts with governments, Azure in 60+ regions"
Microsoft,MSFT,Information Technology,245,EU regulatory crackdown,regulatory_sovereignty_shifts,procurement_supply_chain,-0.375,0.09,215,"Cloud infrastructure worldwide, enterprise contracts with governments, Azure in 60+ regions"
Microsoft,MSFT,Information Technology,245,Emerging market debt crisis,resource_energy_disruptions,procurement_supply_chain,-0.376,0.15,368,"Cloud infrastructure worldwide, enterprise contracts with governments, Azure in 60+ regions"
Microsoft,MSFT,Information Technology,245,Global supply chain shock,resource_energy_disruptions,procurement_supply_chain,-0.376,0.15,368,"Cloud infrastructure worldwide, enterprise contracts with governments, Azure in 60+ regions"
Amazon,AMZN,Consumer Discretionary,620,Red Sea shipping disruption,armed_conflict_instability,logistics_operations,-0.327,0.1,612,"Global logistics network, AWS in 30+ regions, China marketplace presence, last-mile delivery in 20+ countries"
Amazon,AMZN,Consumer Discretionary,620,US-China tariff escalation,trade_policy_actions,procurement_supply_chain,-0.332,0.09,554,"Global logistics network, AWS in 30+ regions, China marketplace presence, last-mile delivery in 20+ countries"
Amazon,AMZN,Consumer Discretionary,620,Russia-Ukraine escalation,armed_conflict_instability,logistics_operations,-0.327,0.1,612,"Global logistics network, AWS in 30+ regions, China marketplace presence, last-mile delivery in 20+ countries"
Amazon,AMZN,Consumer Discretionary,620,OPEC production cut,resource_energy_disruptions,procurement_supply_chain,-0.377,0.1,608,"Global logistics network, AWS in 30+ regions, China marketplace presence, last-mile delivery in 20+ countries"
Amazon,AMZN,Consumer Discretionary,620,Taiwan Strait tensions,armed_conflict_instability,logistics_operations,-0.327,0.1,612,"Global logistics network, AWS in 30+ regions, China marketplace presence, last-mile delivery in 20+ countries"
Amazon,AMZN,Consumer Discretionary,620,Iran nuclear crisis,armed_conflict_instability,logistics_operations,-0.327,0.1,612,"Global logistics network, AWS in 30+ regions, China marketplace presence, last-mile delivery in 20+ countries"
Amazon,AMZN,Consumer Discretionary,620,Major cyberattack,armed_conflict_instability,logistics_operations,-0.327,0.1,612,"Global logistics network, AWS in 30+ regions, China marketplace presence, last-mile delivery in 20+ countries"
Amazon,AMZN,Consumer Discretionary,620,EU regulatory crackdown,regulatory_sovereignty_shifts,procurement_supply_chain,-0.322,0.08,471,"Global logistics network, AWS in 30+ regions, China marketplace presence, last-mile delivery in 20+ countries"
Amazon,AMZN,Consumer Discretionary,620,Emerging market debt crisis,resource_energy_disruptions,procurement_supply_chain,-0.377,0.1,608,"Global logistics network, AWS in 30+ regions, China marketplace presence, last-mile delivery in 20+ countries"
Amazon,AMZN,Consumer Discretionary,620,Global supply chain shock,resource_energy_disruptions,procurement_supply_chain,-0.377,0.1,608,"Global logistics network, AWS in 30+ regions, China marketplace presence, last-mile delivery in 20+ countries"
NVIDIA,NVDA,Information Technology,130,Red Sea shipping disruption,armed_conflict_instability,procurement_supply_chain,-0.308,0.17,220,"China was 25% of revenue before export controls, TSMC dependency for manufacturing, data center buildout globally"
NVIDIA,NVDA,Information Technology,130,US-China tariff escalation,trade_policy_actions,procurement_supply_chain,-0.332,0.07,90,"China was 25% of revenue before export controls, TSMC dependency for manufacturing, data center buildout globally"
NVIDIA,NVDA,Information Technology,130,Russia-Ukraine escalation,armed_conflict_instability,procurement_supply_chain,-0.308,0.17,220,"China was 25% of revenue before export controls, TSMC dependency for manufacturing, data center buildout globally"
NVIDIA,NVDA,Information Technology,130,OPEC production cut,resource_energy_disruptions,procurement_supply_chain,-0.379,0.08,101,"China was 25% of revenue before export controls, TSMC dependency for manufacturing, data center buildout globally"
NVIDIA,NVDA,Information Technology,130,Taiwan Strait tensions,armed_conflict_instability,procurement_supply_chain,-0.308,0.17,220,"China was 25% of revenue before export controls, TSMC dependency for manufacturing, data center buildout globally"
NVIDIA,NVDA,Information Technology,130,Iran nuclear crisis,armed_conflict_instability,procurement_supply_chain,-0.308,0.17,220,"China was 25% of revenue before export controls, TSMC dependency for manufacturing, data center buildout globally"
NVIDIA,NVDA,Information Technology,130,Major cyberattack,armed_conflict_instability,procurement_supply_chain,-0.308,0.17,220,"China was 25% of revenue before export controls, TSMC dependency for manufacturing, data center buildout globally"
NVIDIA,NVDA,Information Technology,130,EU regulatory crackdown,regulatory_sovereignty_shifts,procurement_supply_chain,-0.377,0.07,93,"China was 25% of revenue before export controls, TSMC dependency for manufacturing, data center buildout globally"
NVIDIA,NVDA,Information Technology,130,Emerging market debt crisis,resource_energy_disruptions,procurement_supply_chain,-0.379,0.08,101,"China was 25% of revenue before export controls, TSMC dependency for manufacturing, data center buildout globally"
NVIDIA,NVDA,Information Technology,130,Global supply chain shock,resource_energy_disruptions,procurement_supply_chain,-0.379,0.08,101,"China was 25% of revenue before export controls, TSMC dependency for manufacturing, data center buildout globally"
Alphabet/Google,GOOGL,Communication Services,350,Red Sea shipping disruption,armed_conflict_instability,procurement_supply_chain,-0.318,0.17,583,"Ad revenue from 200+ countries, data centers globally, regulatory exposure in EU/India/Australia"
Alphabet/Google,GOOGL,Communication Services,350,US-China tariff escalation,trade_policy_actions,procurement_supply_chain,-0.378,0.04,151,"Ad revenue from 200+ countries, data centers globally, regulatory exposure in EU/India/Australia"
Alphabet/Google,GOOGL,Communication Services,350,Russia-Ukraine escalation,armed_conflict_instability,procurement_supply_chain,-0.318,0.17,583,"Ad revenue from 200+ countries, data centers globally, regulatory exposure in EU/India/Australia"
Alphabet/Google,GOOGL,Communication Services,350,OPEC production cut,resource_energy_disruptions,procurement_supply_chain,-0.321,0.18,623,"Ad revenue from 200+ countries, data centers globally, regulatory exposure in EU/India/Australia"
Alphabet/Google,GOOGL,Communication Services,350,Taiwan Strait tensions,armed_conflict_instability,procurement_supply_chain,-0.318,0.17,583,"Ad revenue from 200+ countries, data centers globally, regulatory exposure in EU/India/Australia"
Alphabet/Google,GOOGL,Communication Services,350,Iran nuclear crisis,armed_conflict_instability,procurement_supply_chain,-0.318,0.17,583,"Ad revenue from 200+ countries, data centers globally, regulatory exposure in EU/India/Australia"
Alphabet/Google,GOOGL,Communication Services,350,Major cyberattack,armed_conflict_instability,procurement_supply_chain,-0.318,0.17,583,"Ad revenue from 200+ countries, data centers globally, regulatory exposure in EU/India/Australia"
Alphabet/Google,GOOGL,Communication Services,350,EU regulatory crackdown,regulatory_sovereignty_shifts,procurement_supply_chain,-0.375,0.05,161,"Ad revenue from 200+ countries, data centers globally, regulatory exposure in EU/India/Australia"
Alphabet/Google,GOOGL,Communication Services,350,Emerging market debt crisis,resource_energy_disruptions,procurement_supply_chain,-0.321,0.18,623,"Ad revenue from 200+ countries, data centers globally, regulatory exposure in EU/India/Australia"
Alphabet/Google,GOOGL,Communication Services,350,Global supply chain shock,resource_energy_disruptions,procurement_supply_chain,-0.321,0.18,623,"Ad revenue from 200+ countries, data centers globally, regulatory exposure in EU/India/Australia"
Meta/Facebook,META,Information Technology,165,Red Sea shipping disruption,armed_conflict_instability,logistics_operations,-0.36,0.14,226,"3B users globally, banned in China/Russia, GDPR compliance costs, content moderation in conflict zones"
Meta/Facebook,META,Information Technology,165,US-China tariff escalation,trade_policy_actions,procurement_supply_chain,-0.407,0.07,109,"3B users globally, banned in China/Russia, GDPR compliance costs, content moderation in conflict zones"
Meta/Facebook,META,Information Technology,165,Russia-Ukraine escalation,armed_conflict_instability,logistics_operations,-0.36,0.14,226,"3B users globally, banned in China/Russia, GDPR compliance costs, content moderation in conflict zones"
Meta/Facebook,META,Information Technology,165,OPEC production cut,resource_energy_disruptions,procurement_supply_chain,-0.405,0.15,248,"3B users globally, banned in China/Russia, GDPR compliance costs, content moderation in conflict zones"
Meta/Facebook,META,Information Technology,165,Taiwan Strait tensions,armed_conflict_instability,logistics_operations,-0.36,0.14,226,"3B users globally, banned in China/Russia, GDPR compliance costs, content moderation in conflict zones"
Meta/Facebook,META,Information Technology,165,Iran nuclear crisis,armed_conflict_instability,logistics_operations,-0.36,0.14,226,"3B users globally, banned in China/Russia, GDPR compliance costs, content moderation in conflict zones"
Meta/Facebook,META,Information Technology,165,Major cyberattack,armed_conflict_instability,logistics_operations,-0.36,0.14,226,"3B users globally, banned in China/Russia, GDPR compliance costs, content moderation in conflict zones"
Meta/Facebook,META,Information Technology,165,EU regulatory crackdown,regulatory_sovereignty_shifts,procurement_supply_chain,-0.404,0.07,117,"3B users globally, banned in China/Russia, GDPR compliance costs, content moderation in conflict zones"
Meta/Facebook,META,Information Technology,165,Emerging market debt crisis,resource_energy_disruptions,procurement_supply_chain,-0.405,0.15,248,"3B users globally, banned in China/Russia, GDPR compliance costs, content moderation in conflict zones"
Meta/Facebook,META,Information Technology,165,Global supply chain shock,resource_energy_disruptions,procurement_supply_chain,-0.405,0.15,248,"3B users globally, banned in China/Russia, GDPR compliance costs, content moderation in conflict zones"
Tesla,TSLA,Consumer Discretionary,97,Red Sea shipping disruption,armed_conflict_instability,procurement_supply_chain,-0.318,0.75,732,"Shanghai Gigafactory (50%+ of production), Berlin factory, China sales ~25% of revenue, battery supply chain in DRC/Chile/Australia"
Tesla,TSLA,Consumer Discretionary,97,US-China tariff escalation,trade_policy_actions,procurement_supply_chain,-0.329,-0.05,-48,"Shanghai Gigafactory (50%+ of production), Berlin factory, China sales ~25% of revenue, battery supply chain in DRC/Chile/Australia"
Tesla,TSLA,Consumer Discretionary,97,Russia-Ukraine escalation,armed_conflict_instability,procurement_supply_chain,-0.318,0.75,732,"Shanghai Gigafactory (50%+ of production), Berlin factory, China sales ~25% of revenue, battery supply chain in DRC/Chile/Australia"
Tesla,TSLA,Consumer Discretionary,97,OPEC production cut,resource_energy_disruptions,procurement_supply_chain,-0.376,0.07,67,"Shanghai Gigafactory (50%+ of production), Berlin factory, China sales ~25% of revenue, battery supply chain in DRC/Chile/Australia"
Tesla,TSLA,Consumer Discretionary,97,Taiwan Strait tensions,armed_conflict_instability,procurement_supply_chain,-0.318,0.75,732,"Shanghai Gigafactory (50%+ of production), Berlin factory, China sales ~25% of revenue, battery supply chain in DRC/Chile/Australia"
Tesla,TSLA,Consumer Discretionary,97,Iran nuclear crisis,armed_conflict_instability,procurement_supply_chain,-0.318,0.75,732,"Shanghai Gigafactory (50%+ of production), Berlin factory, China sales ~25% of revenue, battery supply chain in DRC/Chile/Australia"
Tesla,TSLA,Consumer Discretionary,97,Major cyberattack,armed_conflict_instability,procurement_supply_chain,-0.318,0.75,732,"Shanghai Gigafactory (50%+ of production), Berlin factory, China sales ~25% of revenue, battery supply chain in DRC/Chile/Australia"
Tesla,TSLA,Consumer Discretionary,97,EU regulatory crackdown,regulatory_sovereignty_shifts,procurement_supply_chain,-0.297,0.09,91,"Shanghai Gigafactory (50%+ of production), Berlin factory, China sales ~25% of revenue, battery supply chain in DRC/Chile/Australia"
Tesla,TSLA,Consumer Discretionary,97,Emerging market debt crisis,resource_energy_disruptions,procurement_supply_chain,-0.376,0.07,67,"Shanghai Gigafactory (50%+ of production), Berlin factory, China sales ~25% of revenue, battery supply chain in DRC/Chile/Australia"
Tesla,TSLA,Consumer Discretionary,97,Global supply chain shock,resource_energy_disruptions,procurement_supply_chain,-0.376,0.07,67,"Shanghai Gigafactory (50%+ of production), Berlin factory, China sales ~25% of revenue, battery supply chain in DRC/Chile/Australia"
Berkshire Hathaway,BRK-B,Financials,364,Red Sea shipping disruption,armed_conflict_instability,logistics_operations,-0.324,0.08,287,"Diversified across insurance, rail, energy, manufacturing; limited direct international operations"
Berkshire Hathaway,BRK-B,Financials,364,US-China tariff escalation,trade_policy_actions,procurement_supply_chain,-0.329,0.09,319,"Diversified across insurance, rail, energy, manufacturing; limited direct international operations"
Berkshire Hathaway,BRK-B,Financials,364,Russia-Ukraine escalation,armed_conflict_instability,logistics_operations,-0.324,0.08,287,"Diversified across insurance, rail, energy, manufacturing; limited direct international operations"
Berkshire Hathaway,BRK-B,Financials,364,OPEC production cut,resource_energy_disruptions,procurement_supply_chain,-0.376,0.14,497,"Diversified across insurance, rail, energy, manufacturing; limited direct international operations"
Berkshire Hathaway,BRK-B,Financials,364,Taiwan Strait tensions,armed_conflict_instability,logistics_operations,-0.324,0.08,287,"Diversified across insurance, rail, energy, manufacturing; limited direct international operations"
Berkshire Hathaway,BRK-B,Financials,364,Iran nuclear crisis,armed_conflict_instability,logistics_operations,-0.324,0.08,287,"Diversified across insurance, rail, energy, manufacturing; limited direct international operations"
Berkshire Hathaway,BRK-B,Financials,364,Major cyberattack,armed_conflict_instability,logistics_operations,-0.324,0.08,287,"Diversified across insurance, rail, energy, manufacturing; limited direct international operations"
Berkshire Hathaway,BRK-B,Financials,364,EU regulatory crackdown,regulatory_sovereignty_shifts,procurement_supply_chain,-0.375,0.06,232,"Diversified across insurance, rail, energy, manufacturing; limited direct international operations"
Berkshire Hathaway,BRK-B,Financials,364,Emerging market debt crisis,resource_energy_disruptions,procurement_supply_chain,-0.376,0.14,497,"Diversified across insurance, rail, energy, manufacturing; limited direct international operations"
Berkshire Hathaway,BRK-B,Financials,364,Global supply chain shock,resource_energy_disruptions,procurement_supply_chain,-0.376,0.14,497,"Diversified across insurance, rail, energy, manufacturing; limited direct international operations"
JPMorgan Chase,JPM,Financials,177,Red Sea shipping disruption,armed_conflict_instability,procurement_supply_chain,-0.323,0.13,232,"Global investment bank, correspondent banking in 100+ countries, sanctions compliance, emerging market lending"
JPMorgan Chase,JPM,Financials,177,US-China tariff escalation,trade_policy_actions,procurement_supply_chain,-0.378,0.06,110,"Global investment bank, correspondent banking in 100+ countries, sanctions compliance, emerging market lending"
JPMorgan Chase,JPM,Financials,177,Russia-Ukraine escalation,armed_conflict_instability,procurement_supply_chain,-0.323,0.13,232,"Global investment bank, correspondent banking in 100+ countries, sanctions compliance, emerging market lending"
JPMorgan Chase,JPM,Financials,177,OPEC production cut,resource_energy_disruptions,procurement_supply_chain,-0.377,0.15,266,"Global investment bank, correspondent banking in 100+ countries, sanctions compliance, emerging market lending"
JPMorgan Chase,JPM,Financials,177,Taiwan Strait tensions,armed_conflict_instability,procurement_supply_chain,-0.323,0.13,232,"Global investment bank, correspondent banking in 100+ countries, sanctions compliance, emerging market lending"
JPMorgan Chase,JPM,Financials,177,Iran nuclear crisis,armed_conflict_instability,procurement_supply_chain,-0.323,0.13,232,"Global investment bank, correspondent banking in 100+ countries, sanctions compliance, emerging market lending"
JPMorgan Chase,JPM,Financials,177,Major cyberattack,armed_conflict_instability,procurement_supply_chain,-0.323,0.13,232,"Global investment bank, correspondent banking in 100+ countries, sanctions compliance, emerging market lending"
JPMorgan Chase,JPM,Financials,177,EU regulatory crackdown,regulatory_sovereignty_shifts,procurement_supply_chain,-0.376,0.07,121,"Global investment bank, correspondent banking in 100+ countries, sanctions compliance, emerging market lending"
JPMorgan Chase,JPM,Financials,177,Emerging market debt crisis,resource_energy_disruptions,procurement_supply_chain,-0.377,0.15,266,"Global investment bank, correspondent banking in 100+ countries, sanctions compliance, emerging market lending"
JPMorgan Chase,JPM,Financials,177,Global supply chain shock,resource_energy_disruptions,procurement_supply_chain,-0.377,0.15,266,"Global investment bank, correspondent banking in 100+ countries, sanctions compliance, emerging market lending"
Visa,V,Financials,36,Red Sea shipping disruption,armed_conflict_instability,procurement_supply_chain,-0.32,0.08,29,"Payment network in 200+ countries, exited Russia 2022, currency conversion exposure, financial sanctions compliance"
Visa,V,Financials,36,US-China tariff escalation,trade_policy_actions,procurement_supply_chain,-0.379,0.06,23,"Payment network in 200+ countries, exited Russia 2022, currency conversion exposure, financial sanctions compliance"
Visa,V,Financials,36,Russia-Ukraine escalation,armed_conflict_instability,procurement_supply_chain,-0.32,0.08,29,"Payment network in 200+ countries, exited Russia 2022, currency conversion exposure, financial sanctions compliance"
Visa,V,Financials,36,OPEC production cut,resource_energy_disruptions,procurement_supply_chain,-0.379,0.08,29,"Payment network in 200+ countries, exited Russia 2022, currency conversion exposure, financial sanctions compliance"
Visa,V,Financials,36,Taiwan Strait tensions,armed_conflict_instability,procurement_supply_chain,-0.32,0.08,29,"Payment network in 200+ countries, exited Russia 2022, currency conversion exposure, financial sanctions compliance"
Visa,V,Financials,36,Iran nuclear crisis,armed_conflict_instability,procurement_supply_chain,-0.32,0.08,29,"Payment network in 200+ countries, exited Russia 2022, currency conversion exposure, financial sanctions compliance"
Visa,V,Financials,36,Major cyberattack,armed_conflict_instability,procurement_supply_chain,-0.32,0.08,29,"Payment network in 200+ countries, exited Russia 2022, currency conversion exposure, financial sanctions compliance"
Visa,V,Financials,36,EU regulatory crackdown,regulatory_sovereignty_shifts,procurement_supply_chain,-0.377,0.07,25,"Payment network in 200+ countries, exited Russia 2022, currency conversion exposure, financial sanctions compliance"
Visa,V,Financials,36,Emerging market debt crisis,resource_energy_disruptions,procurement_supply_chain,-0.379,0.08,29,"Payment network in 200+ countries, exited Russia 2022, currency conversion exposure, financial sanctions compliance"
Visa,V,Financials,36,Global supply chain shock,resource_energy_disruptions,procurement_supply_chain,-0.379,0.08,29,"Payment network in 200+ countries, exited Russia 2022, currency conversion exposure, financial sanctions compliance"
UnitedHealth,UNH,Health Care,400,Red Sea shipping disruption,armed_conflict_instability,workforce_talent,-0.35,0.1,403,"Primarily US operations, Optum global services, pharmaceutical supply chain from India/China"
UnitedHealth,UNH,Health Care,400,US-China tariff escalation,trade_policy_actions,procurement_supply_chain,-0.411,0.08,303,"Primarily US operations, Optum global services, pharmaceutical supply chain from India/China"
UnitedHealth,UNH,Health Care,400,Russia-Ukraine escalation,armed_conflict_instability,workforce_talent,-0.35,0.1,403,"Primarily US operations, Optum global services, pharmaceutical supply chain from India/China"
UnitedHealth,UNH,Health Care,400,OPEC production cut,resource_energy_disruptions,procurement_supply_chain,-0.404,0.12,486,"Primarily US operations, Optum global services, pharmaceutical supply chain from India/China"
UnitedHealth,UNH,Health Care,400,Taiwan Strait tensions,armed_conflict_instability,workforce_talent,-0.35,0.1,403,"Primarily US operations, Optum global services, pharmaceutical supply chain from India/China"
UnitedHealth,UNH,Health Care,400,Iran nuclear crisis,armed_conflict_instability,workforce_talent,-0.35,0.1,403,"Primarily US operations, Optum global services, pharmaceutical supply chain from India/China"
UnitedHealth,UNH,Health Care,400,Major cyberattack,armed_conflict_instability,workforce_talent,-0.35,0.1,403,"Primarily US operations, Optum global services, pharmaceutical supply chain from India/China"
UnitedHealth,UNH,Health Care,400,EU regulatory crackdown,regulatory_sovereignty_shifts,procurement_supply_chain,-0.323,0.09,359,"Primarily US operations, Optum global services, pharmaceutical supply chain from India/China"
UnitedHealth,UNH,Health Care,400,Emerging market debt crisis,resource_energy_disruptions,procurement_supply_chain,-0.404,0.12,486,"Primarily US operations, Optum global services, pharmaceutical supply chain from India/China"
UnitedHealth,UNH,Health Care,400,Global supply chain shock,resource_energy_disruptions,procurement_supply_chain,-0.404,0.12,486,"Primarily US operations, Optum global services, pharmaceutical supply chain from India/China"
Johnson & Johnson,JNJ,Health Care,85,Red Sea shipping disruption,armed_conflict_instability,procurement_supply_chain,-0.326,0.12,99,"Global pharmaceutical and medical device sales, API sourcing from India/China, manufacturing in 60+ countries"
Johnson & Johnson,JNJ,Health Care,85,US-China tariff escalation,trade_policy_actions,procurement_supply_chain,-0.309,0.09,76,"Global pharmaceutical and medical device sales, API sourcing from India/China, manufacturing in 60+ countries"
Johnson & Johnson,JNJ,Health Care,85,Russia-Ukraine escalation,armed_conflict_instability,procurement_supply_chain,-0.326,0.12,99,"Global pharmaceutical and medical device sales, API sourcing from India/China, manufacturing in 60+ countries"
Johnson & Johnson,JNJ,Health Care,85,OPEC production cut,resource_energy_disruptions,procurement_supply_chain,-0.294,0.1,84,"Global pharmaceutical and medical device sales, API sourcing from India/China, manufacturing in 60+ countries"
Johnson & Johnson,JNJ,Health Care,85,Taiwan Strait tensions,armed_conflict_instability,procurement_supply_chain,-0.326,0.12,99,"Global pharmaceutical and medical device sales, API sourcing from India/China, manufacturing in 60+ countries"
Johnson & Johnson,JNJ,Health Care,85,Iran nuclear crisis,armed_conflict_instability,procurement_supply_chain,-0.326,0.12,99,"Global pharmaceutical and medical device sales, API sourcing from India/China, manufacturing in 60+ countries"
Johnson & Johnson,JNJ,Health Care,85,Major cyberattack,armed_conflict_instability,procurement_supply_chain,-0.326,0.12,99,"Global pharmaceutical and medical device sales, API sourcing from India/China, manufacturing in 60+ countries"
Johnson & Johnson,JNJ,Health Care,85,EU regulatory crackdown,regulatory_sovereignty_shifts,workforce_talent,-0.3,0.1,83,"Global pharmaceutical and medical device sales, API sourcing from India/China, manufacturing in 60+ countries"
Johnson & Johnson,JNJ,Health Care,85,Emerging market debt crisis,resource_energy_disruptions,procurement_supply_chain,-0.294,0.1,84,"Global pharmaceutical and medical device sales, API sourcing from India/China, manufacturing in 60+ countries"
Johnson & Johnson,JNJ,Health Care,85,Global supply chain shock,resource_energy_disruptions,procurement_supply_chain,-0.294,0.1,84,"Global pharmaceutical and medical device sales, API sourcing from India/China, manufacturing in 60+ countries"
Exxon Mobil,XOM,Energy,344,Red Sea shipping disruption,armed_conflict_instability,procurement_supply_chain,-0.333,0.13,452,"Oil production in 40+ countries, Guyana deepwater, Middle East JVs, LNG in Qatar/Australia, refining globally"
Exxon Mobil,XOM,Energy,344,US-China tariff escalation,trade_policy_actions,procurement_supply_chain,-0.304,0.07,248,"Oil production in 40+ countries, Guyana deepwater, Middle East JVs, LNG in Qatar/Australia, refining globally"
Exxon Mobil,XOM,Energy,344,Russia-Ukraine escalation,armed_conflict_instability,procurement_supply_chain,-0.333,0.13,452,"Oil production in 40+ countries, Guyana deepwater, Middle East JVs, LNG in Qatar/Australia, refining globally"
Exxon Mobil,XOM,Energy,344,OPEC production cut,resource_energy_disruptions,procurement_supply_chain,-0.329,0.15,519,"Oil production in 40+ countries, Guyana deepwater, Middle East JVs, LNG in Qatar/Australia, refining globally"
Exxon Mobil,XOM,Energy,344,Taiwan Strait tensions,armed_conflict_instability,procurement_supply_chain,-0.333,0.13,452,"Oil production in 40+ countries, Guyana deepwater, Middle East JVs, LNG in Qatar/Australia, refining globally"
Exxon Mobil,XOM,Energy,344,Iran nuclear crisis,armed_conflict_instability,procurement_supply_chain,-0.333,0.13,452,"Oil production in 40+ countries, Guyana deepwater, Middle East JVs, LNG in Qatar/Australia, refining globally"
Exxon Mobil,XOM,Energy,344,Major cyberattack,armed_conflict_instability,procurement_supply_chain,-0.333,0.13,452,"Oil production in 40+ countries, Guyana deepwater, Middle East JVs, LNG in Qatar/Australia, refining globally"
Exxon Mobil,XOM,Energy,344,EU regulatory crackdown,regulatory_sovereignty_shifts,procurement_supply_chain,-0.29,0.04,144,"Oil production in 40+ countries, Guyana deepwater, Middle East JVs, LNG in Qatar/Australia, refining globally"
Exxon Mobil,XOM,Energy,344,Emerging market debt crisis,resource_energy_disruptions,procurement_supply_chain,-0.329,0.15,519,"Oil production in 40+ countries, Guyana deepwater, Middle East JVs, LNG in Qatar/Australia, refining globally"
Exxon Mobil,XOM,Energy,344,Global supply chain shock,resource_energy_disruptions,procurement_supply_chain,-0.329,0.15,519,"Oil production in 40+ countries, Guyana deepwater, Middle East JVs, LNG in Qatar/Australia, refining globally"
Chevron,CVX,Energy,196,Red Sea shipping disruption,armed_conflict_instability,logistics_operations,-0.333,0.1,196,"Major operations in Kazakhstan, Australia LNG, Gulf of Mexico, Venezuela (sanctions exemption), shipping through Hormuz/Red Sea"
Chevron,CVX,Energy,196,US-China tariff escalation,trade_policy_actions,procurement_supply_chain,-0.378,0.06,108,"Major operations in Kazakhstan, Australia LNG, Gulf of Mexico, Venezuela (sanctions exemption), shipping through Hormuz/Red Sea"
Chevron,CVX,Energy,196,Russia-Ukraine escalation,armed_conflict_instability,logistics_operations,-0.333,0.1,196,"Major operations in Kazakhstan, Australia LNG, Gulf of Mexico, Venezuela (sanctions exemption), shipping through Hormuz/Red Sea"
Chevron,CVX,Energy,196,OPEC production cut,resource_energy_disruptions,procurement_supply_chain,-0.334,0.14,269,"Major operations in Kazakhstan, Australia LNG, Gulf of Mexico, Venezuela (sanctions exemption), shipping through Hormuz/Red Sea"
Chevron,CVX,Energy,196,Taiwan Strait tensions,armed_conflict_instability,logistics_operations,-0.333,0.1,196,"Major operations in Kazakhstan, Australia LNG, Gulf of Mexico, Venezuela (sanctions exemption), shipping through Hormuz/Red Sea"
Chevron,CVX,Energy,196,Iran nuclear crisis,armed_conflict_instability,logistics_operations,-0.333,0.1,196,"Major operations in Kazakhstan, Australia LNG, Gulf of Mexico, Venezuela (sanctions exemption), shipping through Hormuz/Red Sea"
Chevron,CVX,Energy,196,Major cyberattack,armed_conflict_instability,logistics_operations,-0.333,0.1,196,"Major operations in Kazakhstan, Australia LNG, Gulf of Mexico, Venezuela (sanctions exemption), shipping through Hormuz/Red Sea"
Chevron,CVX,Energy,196,EU regulatory crackdown,regulatory_sovereignty_shifts,procurement_supply_chain,-0.375,0.06,122,"Major operations in Kazakhstan, Australia LNG, Gulf of Mexico, Venezuela (sanctions exemption), shipping through Hormuz/Red Sea"
Chevron,CVX,Energy,196,Emerging market debt crisis,resource_energy_disruptions,procurement_supply_chain,-0.334,0.14,269,"Major operations in Kazakhstan, Australia LNG, Gulf of Mexico, Venezuela (sanctions exemption), shipping through Hormuz/Red Sea"
Chevron,CVX,Energy,196,Global supply chain shock,resource_energy_disruptions,procurement_supply_chain,-0.334,0.14,269,"Major operations in Kazakhstan, Australia LNG, Gulf of Mexico, Venezuela (sanctions exemption), shipping through Hormuz/Red Sea"
Procter & Gamble,PG,Consumer Staples,84,Red Sea shipping disruption,armed_conflict_instability,logistics_operations,-0.334,0.1,82,"Sells in 180+ countries, significant Russia/China/India revenue, consumer brand reputation sensitive to boycotts"
Procter & Gamble,PG,Consumer Staples,84,US-China tariff escalation,trade_policy_actions,procurement_supply_chain,-0.331,0.11,90,"Sells in 180+ countries, significant Russia/China/India revenue, consumer brand reputation sensitive to boycotts"
Procter & Gamble,PG,Consumer Staples,84,Russia-Ukraine escalation,armed_conflict_instability,logistics_operations,-0.334,0.1,82,"Sells in 180+ countries, significant Russia/China/India revenue, consumer brand reputation sensitive to boycotts"
Procter & Gamble,PG,Consumer Staples,84,OPEC production cut,resource_energy_disruptions,procurement_supply_chain,-0.322,0.12,98,"Sells in 180+ countries, significant Russia/China/India revenue, consumer brand reputation sensitive to boycotts"
Procter & Gamble,PG,Consumer Staples,84,Taiwan Strait tensions,armed_conflict_instability,logistics_operations,-0.334,0.1,82,"Sells in 180+ countries, significant Russia/China/India revenue, consumer brand reputation sensitive to boycotts"
Procter & Gamble,PG,Consumer Staples,84,Iran nuclear crisis,armed_conflict_instability,logistics_operations,-0.334,0.1,82,"Sells in 180+ countries, significant Russia/China/India revenue, consumer brand reputation sensitive to boycotts"
Procter & Gamble,PG,Consumer Staples,84,Major cyberattack,armed_conflict_instability,logistics_operations,-0.334,0.1,82,"Sells in 180+ countries, significant Russia/China/India revenue, consumer brand reputation sensitive to boycotts"
Procter & Gamble,PG,Consumer Staples,84,EU regulatory crackdown,regulatory_sovereignty_shifts,procurement_supply_chain,-0.376,0.03,27,"Sells in 180+ countries, significant Russia/China/India revenue, consumer brand reputation sensitive to boycotts"
Procter & Gamble,PG,Consumer Staples,84,Emerging market debt crisis,resource_energy_disruptions,procurement_supply_chain,-0.322,0.12,98,"Sells in 180+ countries, significant Russia/China/India revenue, consumer brand reputation sensitive to boycotts"
Procter & Gamble,PG,Consumer Staples,84,Global supply chain shock,resource_energy_disruptions,procurement_supply_chain,-0.322,0.12,98,"Sells in 180+ countries, significant Russia/China/India revenue, consumer brand reputation sensitive to boycotts"
Costco,COST,Consumer Staples,242,Red Sea shipping disruption,armed_conflict_instability,procurement_supply_chain,-0.325,0.13,326,"Global sourcing, ~15% international revenue, shipping/import dependent, China sourcing for consumer goods"
Costco,COST,Consumer Staples,242,US-China tariff escalation,trade_policy_actions,procurement_supply_chain,-0.329,0.09,216,"Global sourcing, ~15% international revenue, shipping/import dependent, China sourcing for consumer goods"
Costco,COST,Consumer Staples,242,Russia-Ukraine escalation,armed_conflict_instability,procurement_supply_chain,-0.325,0.13,326,"Global sourcing, ~15% international revenue, shipping/import dependent, China sourcing for consumer goods"
Costco,COST,Consumer Staples,242,OPEC production cut,resource_energy_disruptions,procurement_supply_chain,-0.376,0.1,238,"Global sourcing, ~15% international revenue, shipping/import dependent, China sourcing for consumer goods"
Costco,COST,Consumer Staples,242,Taiwan Strait tensions,armed_conflict_instability,procurement_supply_chain,-0.325,0.13,326,"Global sourcing, ~15% international revenue, shipping/import dependent, China sourcing for consumer goods"
Costco,COST,Consumer Staples,242,Iran nuclear crisis,armed_conflict_instability,procurement_supply_chain,-0.325,0.13,326,"Global sourcing, ~15% international revenue, shipping/import dependent, China sourcing for consumer goods"
Costco,COST,Consumer Staples,242,Major cyberattack,armed_conflict_instability,procurement_supply_chain,-0.325,0.13,326,"Global sourcing, ~15% international revenue, shipping/import dependent, China sourcing for consumer goods"
Costco,COST,Consumer Staples,242,EU regulatory crackdown,regulatory_sovereignty_shifts,procurement_supply_chain,-0.328,0.1,231,"Global sourcing, ~15% international revenue, shipping/import dependent, China sourcing for consumer goods"
Costco,COST,Consumer Staples,242,Emerging market debt crisis,resource_energy_disruptions,procurement_supply_chain,-0.376,0.1,238,"Global sourcing, ~15% international revenue, shipping/import dependent, China sourcing for consumer goods"
Costco,COST,Consumer Staples,242,Global supply chain shock,resource_energy_disruptions,procurement_supply_chain,-0.376,0.1,238,"Global sourcing, ~15% international revenue, shipping/import dependent, China sourcing for consumer goods"
McDonald's,MCD,Consumer Discretionary,26,Red Sea shipping disruption,armed_conflict_instability,logistics_operations,-0.357,0.17,43,"40,000 restaurants in 100+ countries, exited Russia 2022, MENA boycott exposure, franchise model limits direct risk"
McDonald's,MCD,Consumer Discretionary,26,US-China tariff escalation,trade_policy_actions,procurement_supply_chain,-0.41,0.07,18,"40,000 restaurants in 100+ countries, exited Russia 2022, MENA boycott exposure, franchise model limits direct risk"
McDonald's,MCD,Consumer Discretionary,26,Russia-Ukraine escalation,armed_conflict_instability,logistics_operations,-0.357,0.17,43,"40,000 restaurants in 100+ countries, exited Russia 2022, MENA boycott exposure, franchise model limits direct risk"
McDonald's,MCD,Consumer Discretionary,26,OPEC production cut,resource_energy_disruptions,procurement_supply_chain,-0.361,0.08,21,"40,000 restaurants in 100+ countries, exited Russia 2022, MENA boycott exposure, franchise model limits direct risk"
McDonald's,MCD,Consumer Discretionary,26,Taiwan Strait tensions,armed_conflict_instability,logistics_operations,-0.357,0.17,43,"40,000 restaurants in 100+ countries, exited Russia 2022, MENA boycott exposure, franchise model limits direct risk"
McDonald's,MCD,Consumer Discretionary,26,Iran nuclear crisis,armed_conflict_instability,logistics_operations,-0.357,0.17,43,"40,000 restaurants in 100+ countries, exited Russia 2022, MENA boycott exposure, franchise model limits direct risk"
McDonald's,MCD,Consumer Discretionary,26,Major cyberattack,armed_conflict_instability,logistics_operations,-0.357,0.17,43,"40,000 restaurants in 100+ countries, exited Russia 2022, MENA boycott exposure, franchise model limits direct risk"
McDonald's,MCD,Consumer Discretionary,26,EU regulatory crackdown,regulatory_sovereignty_shifts,procurement_supply_chain,-0.404,0.08,22,"40,000 restaurants in 100+ countries, exited Russia 2022, MENA boycott exposure, franchise model limits direct risk"
McDonald's,MCD,Consumer Discretionary,26,Emerging market debt crisis,resource_energy_disruptions,procurement_supply_chain,-0.361,0.08,21,"40,000 restaurants in 100+ countries, exited Russia 2022, MENA boycott exposure, franchise model limits direct risk"
McDonald's,MCD,Consumer Discretionary,26,Global supply chain shock,resource_energy_disruptions,procurement_supply_chain,-0.361,0.08,21,"40,000 restaurants in 100+ countries, exited Russia 2022, MENA boycott exposure, franchise model limits direct risk"
Boeing,BA,Industrials,78,Red Sea shipping disruption,armed_conflict_instability,logistics_operations,-0.329,0.25,195,"40% of deliveries to non-US airlines, China market uncertainty, defense contracts with NATO allies, titanium from Russia (pre-2022)"
Boeing,BA,Industrials,78,US-China tariff escalation,trade_policy_actions,procurement_supply_chain,-0.344,0.07,54,"40% of deliveries to non-US airlines, China market uncertainty, defense contracts with NATO allies, titanium from Russia (pre-2022)"
Boeing,BA,Industrials,78,Russia-Ukraine escalation,armed_conflict_instability,logistics_operations,-0.329,0.25,195,"40% of deliveries to non-US airlines, China market uncertainty, defense contracts with NATO allies, titanium from Russia (pre-2022)"
Boeing,BA,Industrials,78,OPEC production cut,resource_energy_disruptions,procurement_supply_chain,-0.402,0.08,61,"40% of deliveries to non-US airlines, China market uncertainty, defense contracts with NATO allies, titanium from Russia (pre-2022)"
Boeing,BA,Industrials,78,Taiwan Strait tensions,armed_conflict_instability,logistics_operations,-0.329,0.25,195,"40% of deliveries to non-US airlines, China market uncertainty, defense contracts with NATO allies, titanium from Russia (pre-2022)"
Boeing,BA,Industrials,78,Iran nuclear crisis,armed_conflict_instability,logistics_operations,-0.329,0.25,195,"40% of deliveries to non-US airlines, China market uncertainty, defense contracts with NATO allies, titanium from Russia (pre-2022)"
Boeing,BA,Industrials,78,Major cyberattack,armed_conflict_instability,logistics_operations,-0.329,0.25,195,"40% of deliveries to non-US airlines, China market uncertainty, defense contracts with NATO allies, titanium from Russia (pre-2022)"
Boeing,BA,Industrials,78,EU regulatory crackdown,regulatory_sovereignty_shifts,procurement_supply_chain,-0.4,0.05,38,"40% of deliveries to non-US airlines, China market uncertainty, defense contracts with NATO allies, titanium from Russia (pre-2022)"
Boeing,BA,Industrials,78,Emerging market debt crisis,resource_energy_disruptions,procurement_supply_chain,-0.402,0.08,61,"40% of deliveries to non-US airlines, China market uncertainty, defense contracts with NATO allies, titanium from Russia (pre-2022)"
Boeing,BA,Industrials,78,Global supply chain shock,resource_energy_disruptions,procurement_supply_chain,-0.402,0.08,61,"40% of deliveries to non-US airlines, China market uncertainty, defense contracts with NATO allies, titanium from Russia (pre-2022)"
Caterpillar,CAT,Industrials,67,Red Sea shipping disruption,armed_conflict_instability,logistics_operations,-0.327,0.1,66,"Infrastructure equipment sold globally, mining exposure in Latin America/Africa/Australia, Middle East construction"
Caterpillar,CAT,Industrials,67,US-China tariff escalation,trade_policy_actions,procurement_supply_chain,-0.376,0.06,43,"Infrastructure equipment sold globally, mining exposure in Latin America/Africa/Australia, Middle East construction"
Caterpillar,CAT,Industrials,67,Russia-Ukraine escalation,armed_conflict_instability,logistics_operations,-0.327,0.1,66,"Infrastructure equipment sold globally, mining exposure in Latin America/Africa/Australia, Middle East construction"
Caterpillar,CAT,Industrials,67,OPEC production cut,resource_energy_disruptions,procurement_supply_chain,-0.33,0.15,100,"Infrastructure equipment sold globally, mining exposure in Latin America/Africa/Australia, Middle East construction"
Caterpillar,CAT,Industrials,67,Taiwan Strait tensions,armed_conflict_instability,logistics_operations,-0.327,0.1,66,"Infrastructure equipment sold globally, mining exposure in Latin America/Africa/Australia, Middle East construction"
Caterpillar,CAT,Industrials,67,Iran nuclear crisis,armed_conflict_instability,logistics_operations,-0.327,0.1,66,"Infrastructure equipment sold globally, mining exposure in Latin America/Africa/Australia, Middle East construction"
Caterpillar,CAT,Industrials,67,Major cyberattack,armed_conflict_instability,logistics_operations,-0.327,0.1,66,"Infrastructure equipment sold globally, mining exposure in Latin America/Africa/Australia, Middle East construction"
Caterpillar,CAT,Industrials,67,EU regulatory crackdown,regulatory_sovereignty_shifts,procurement_supply_chain,-0.372,0.07,47,"Infrastructure equipment sold globally, mining exposure in Latin America/Africa/Australia, Middle East construction"
Caterpillar,CAT,Industrials,67,Emerging market debt crisis,resource_energy_disruptions,procurement_supply_chain,-0.33,0.15,100,"Infrastructure equipment sold globally, mining exposure in Latin America/Africa/Australia, Middle East construction"
Caterpillar,CAT,Industrials,67,Global supply chain shock,resource_energy_disruptions,procurement_supply_chain,-0.33,0.15,100,"Infrastructure equipment sold globally, mining exposure in Latin America/Africa/Australia, Middle East construction"
Lockheed Martin,LMT,Industrials,68,Red Sea shipping disruption,armed_conflict_instability,procurement_supply_chain,-0.332,0.08,51,"US defense prime, F-35 sold to NATO allies, benefits from conflict escalation, export controls on advanced weapons"
Lockheed Martin,LMT,Industrials,68,US-China tariff escalation,trade_policy_actions,procurement_supply_chain,-0.316,0.07,47,"US defense prime, F-35 sold to NATO allies, benefits from conflict escalation, export controls on advanced weapons"
Lockheed Martin,LMT,Industrials,68,Russia-Ukraine escalation,armed_conflict_instability,procurement_supply_chain,-0.332,0.08,51,"US defense prime, F-35 sold to NATO allies, benefits from conflict escalation, export controls on advanced weapons"
Lockheed Martin,LMT,Industrials,68,OPEC production cut,resource_energy_disruptions,procurement_supply_chain,-0.402,0.08,53,"US defense prime, F-35 sold to NATO allies, benefits from conflict escalation, export controls on advanced weapons"
Lockheed Martin,LMT,Industrials,68,Taiwan Strait tensions,armed_conflict_instability,procurement_supply_chain,-0.332,0.08,51,"US defense prime, F-35 sold to NATO allies, benefits from conflict escalation, export controls on advanced weapons"
Lockheed Martin,LMT,Industrials,68,Iran nuclear crisis,armed_conflict_instability,procurement_supply_chain,-0.332,0.08,51,"US defense prime, F-35 sold to NATO allies, benefits from conflict escalation, export controls on advanced weapons"
Lockheed Martin,LMT,Industrials,68,Major cyberattack,armed_conflict_instability,procurement_supply_chain,-0.332,0.08,51,"US defense prime, F-35 sold to NATO allies, benefits from conflict escalation, export controls on advanced weapons"
Lockheed Martin,LMT,Industrials,68,EU regulatory crackdown,regulatory_sovereignty_shifts,procurement_supply_chain,-0.4,0.05,33,"US defense prime, F-35 sold to NATO allies, benefits from conflict escalation, export controls on advanced weapons"
Lockheed Martin,LMT,Industrials,68,Emerging market debt crisis,resource_energy_disruptions,procurement_supply_chain,-0.402,0.08,53,"US defense prime, F-35 sold to NATO allies, benefits from conflict escalation, export controls on advanced weapons"
Lockheed Martin,LMT,Industrials,68,Global supply chain shock,resource_energy_disruptions,procurement_supply_chain,-0.402,0.08,53,"US defense prime, F-35 sold to NATO allies, benefits from conflict escalation, export controls on advanced weapons"
Raytheon/RTX,RTX,Industrials,69,Red Sea shipping disruption,armed_conflict_instability,logistics_operations,-0.329,0.08,58,"Missiles and defense systems, Patriot batteries deployed in Middle East, benefits from Red Sea/Iran tensions"
Raytheon/RTX,RTX,Industrials,69,US-China tariff escalation,trade_policy_actions,procurement_supply_chain,-0.333,-0.04,-31,"Missiles and defense systems, Patriot batteries deployed in Middle East, benefits from Red Sea/Iran tensions"
Raytheon/RTX,RTX,Industrials,69,Russia-Ukraine escalation,armed_conflict_instability,logistics_operations,-0.329,0.08,58,"Missiles and defense systems, Patriot batteries deployed in Middle East, benefits from Red Sea/Iran tensions"
Raytheon/RTX,RTX,Industrials,69,OPEC production cut,resource_energy_disruptions,procurement_supply_chain,-0.305,0.11,76,"Missiles and defense systems, Patriot batteries deployed in Middle East, benefits from Red Sea/Iran tensions"
Raytheon/RTX,RTX,Industrials,69,Taiwan Strait tensions,armed_conflict_instability,logistics_operations,-0.329,0.08,58,"Missiles and defense systems, Patriot batteries deployed in Middle East, benefits from Red Sea/Iran tensions"
Raytheon/RTX,RTX,Industrials,69,Iran nuclear crisis,armed_conflict_instability,logistics_operations,-0.329,0.08,58,"Missiles and defense systems, Patriot batteries deployed in Middle East, benefits from Red Sea/Iran tensions"
Raytheon/RTX,RTX,Industrials,69,Major cyberattack,armed_conflict_instability,logistics_operations,-0.329,0.08,58,"Missiles and defense systems, Patriot batteries deployed in Middle East, benefits from Red Sea/Iran tensions"
Raytheon/RTX,RTX,Industrials,69,EU regulatory crackdown,regulatory_sovereignty_shifts,procurement_supply_chain,-0.376,0.06,43,"Missiles and defense systems, Patriot batteries deployed in Middle East, benefits from Red Sea/Iran tensions"
Raytheon/RTX,RTX,Industrials,69,Emerging market debt crisis,resource_energy_disruptions,procurement_supply_chain,-0.305,0.11,76,"Missiles and defense systems, Patriot batteries deployed in Middle East, benefits from Red Sea/Iran tensions"
Raytheon/RTX,RTX,Industrials,69,Global supply chain shock,resource_energy_disruptions,procurement_supply_chain,-0.305,0.11,76,"Missiles and defense systems, Patriot batteries deployed in Middle East, benefits from Red Sea/Iran tensions"
Broadcom,AVGO,Information Technology,51,Red Sea shipping disruption,armed_conflict_instability,logistics_operations,-0.319,0.14,69,"Semiconductor supply chain, China revenue exposure, VMware enterprise software globally"
Broadcom,AVGO,Information Technology,51,US-China tariff escalation,trade_policy_actions,procurement_supply_chain,-0.333,0.09,44,"Semiconductor supply chain, China revenue exposure, VMware enterprise software globally"
Broadcom,AVGO,Information Technology,51,Russia-Ukraine escalation,armed_conflict_instability,logistics_operations,-0.319,0.14,69,"Semiconductor supply chain, China revenue exposure, VMware enterprise software globally"
Broadcom,AVGO,Information Technology,51,OPEC production cut,resource_energy_disruptions,procurement_supply_chain,-0.299,0.13,68,"Semiconductor supply chain, China revenue exposure, VMware enterprise software globally"
Broadcom,AVGO,Information Technology,51,Taiwan Strait tensions,armed_conflict_instability,logistics_operations,-0.319,0.14,69,"Semiconductor supply chain, China revenue exposure, VMware enterprise software globally"
Broadcom,AVGO,Information Technology,51,Iran nuclear crisis,armed_conflict_instability,logistics_operations,-0.319,0.14,69,"Semiconductor supply chain, China revenue exposure, VMware enterprise software globally"
Broadcom,AVGO,Information Technology,51,Major cyberattack,armed_conflict_instability,logistics_operations,-0.319,0.14,69,"Semiconductor supply chain, China revenue exposure, VMware enterprise software globally"
Broadcom,AVGO,Information Technology,51,EU regulatory crackdown,regulatory_sovereignty_shifts,procurement_supply_chain,-0.295,0.06,30,"Semiconductor supply chain, China revenue exposure, VMware enterprise software globally"
Broadcom,AVGO,Information Technology,51,Emerging market debt crisis,resource_energy_disruptions,procurement_supply_chain,-0.299,0.13,68,"Semiconductor supply chain, China revenue exposure, VMware enterprise software globally"
Broadcom,AVGO,Information Technology,51,Global supply chain shock,resource_energy_disruptions,procurement_supply_chain,-0.299,0.13,68,"Semiconductor supply chain, China revenue exposure, VMware enterprise software globally"
Cisco,CSCO,Information Technology,54,Red Sea shipping disruption,armed_conflict_instability,procurement_supply_chain,-0.287,0.09,48,"Network equipment sold globally, Huawei rip-and-replace beneficiary, enterprise IT in regulated industries"
Cisco,CSCO,Information Technology,54,US-China tariff escalation,trade_policy_actions,procurement_supply_chain,-0.304,0.09,49,"Network equipment sold globally, Huawei rip-and-replace beneficiary, enterprise IT in regulated industries"
Cisco,CSCO,Information Technology,54,Russia-Ukraine escalation,armed_conflict_instability,procurement_supply_chain,-0.287,0.09,48,"Network equipment sold globally, Huawei rip-and-replace beneficiary, enterprise IT in regulated industries"
Cisco,CSCO,Information Technology,54,OPEC production cut,resource_energy_disruptions,procurement_supply_chain,-0.375,0.14,75,"Network equipment sold globally, Huawei rip-and-replace beneficiary, enterprise IT in regulated industries"
Cisco,CSCO,Information Technology,54,Taiwan Strait tensions,armed_conflict_instability,procurement_supply_chain,-0.287,0.09,48,"Network equipment sold globally, Huawei rip-and-replace beneficiary, enterprise IT in regulated industries"
Cisco,CSCO,Information Technology,54,Iran nuclear crisis,armed_conflict_instability,procurement_supply_chain,-0.287,0.09,48,"Network equipment sold globally, Huawei rip-and-replace beneficiary, enterprise IT in regulated industries"
Cisco,CSCO,Information Technology,54,Major cyberattack,armed_conflict_instability,procurement_supply_chain,-0.287,0.09,48,"Network equipment sold globally, Huawei rip-and-replace beneficiary, enterprise IT in regulated industries"
Cisco,CSCO,Information Technology,54,EU regulatory crackdown,regulatory_sovereignty_shifts,procurement_supply_chain,-0.373,0.06,33,"Network equipment sold globally, Huawei rip-and-replace beneficiary, enterprise IT in regulated industries"
Cisco,CSCO,Information Technology,54,Emerging market debt crisis,resource_energy_disruptions,procurement_supply_chain,-0.375,0.14,75,"Network equipment sold globally, Huawei rip-and-replace beneficiary, enterprise IT in regulated industries"
Cisco,CSCO,Information Technology,54,Global supply chain shock,resource_energy_disruptions,procurement_supply_chain,-0.375,0.14,75,"Network equipment sold globally, Huawei rip-and-replace beneficiary, enterprise IT in regulated industries"
Intel,INTC,Information Technology,54,Red Sea shipping disruption,armed_conflict_instability,logistics_operations,-0.33,0.1,54,"CHIPS Act beneficiary, Israel fabrication facility, China revenue under export controls, competing with TSMC"
Intel,INTC,Information Technology,54,US-China tariff escalation,trade_policy_actions,procurement_supply_chain,-0.305,-0.19,-103,"CHIPS Act beneficiary, Israel fabrication facility, China revenue under export controls, competing with TSMC"
Intel,INTC,Information Technology,54,Russia-Ukraine escalation,armed_conflict_instability,logistics_operations,-0.33,0.1,54,"CHIPS Act beneficiary, Israel fabrication facility, China revenue under export controls, competing with TSMC"
Intel,INTC,Information Technology,54,OPEC production cut,resource_energy_disruptions,procurement_supply_chain,-0.304,0.11,60,"CHIPS Act beneficiary, Israel fabrication facility, China revenue under export controls, competing with TSMC"
Intel,INTC,Information Technology,54,Taiwan Strait tensions,armed_conflict_instability,logistics_operations,-0.33,0.1,54,"CHIPS Act beneficiary, Israel fabrication facility, China revenue under export controls, competing with TSMC"
Intel,INTC,Information Technology,54,Iran nuclear crisis,armed_conflict_instability,logistics_operations,-0.33,0.1,54,"CHIPS Act beneficiary, Israel fabrication facility, China revenue under export controls, competing with TSMC"
Intel,INTC,Information Technology,54,Major cyberattack,armed_conflict_instability,logistics_operations,-0.33,0.1,54,"CHIPS Act beneficiary, Israel fabrication facility, China revenue under export controls, competing with TSMC"
Intel,INTC,Information Technology,54,EU regulatory crackdown,regulatory_sovereignty_shifts,procurement_supply_chain,-0.372,-0.04,-23,"CHIPS Act beneficiary, Israel fabrication facility, China revenue under export controls, competing with TSMC"
Intel,INTC,Information Technology,54,Emerging market debt crisis,resource_energy_disruptions,procurement_supply_chain,-0.304,0.11,60,"CHIPS Act beneficiary, Israel fabrication facility, China revenue under export controls, competing with TSMC"
Intel,INTC,Information Technology,54,Global supply chain shock,resource_energy_disruptions,procurement_supply_chain,-0.304,0.11,60,"CHIPS Act beneficiary, Israel fabrication facility, China revenue under export controls, competing with TSMC"
Nike,NKE,Consumer Discretionary,51,Red Sea shipping disruption,armed_conflict_instability,procurement_supply_chain,-0.325,0.11,57,"Greater China ~15% revenue, Vietnam/Indonesia manufacturing, Xinjiang cotton controversy, brand-sensitive to boycotts"
Nike,NKE,Consumer Discretionary,51,US-China tariff escalation,trade_policy_actions,procurement_supply_chain,-0.303,0.07,35,"Greater China ~15% revenue, Vietnam/Indonesia manufacturing, Xinjiang cotton controversy, brand-sensitive to boycotts"
Nike,NKE,Consumer Discretionary,51,Russia-Ukraine escalation,armed_conflict_instability,procurement_supply_chain,-0.325,0.11,57,"Greater China ~15% revenue, Vietnam/Indonesia manufacturing, Xinjiang cotton controversy, brand-sensitive to boycotts"
Nike,NKE,Consumer Discretionary,51,OPEC production cut,resource_energy_disruptions,procurement_supply_chain,-0.373,0.08,40,"Greater China ~15% revenue, Vietnam/Indonesia manufacturing, Xinjiang cotton controversy, brand-sensitive to boycotts"
Nike,NKE,Consumer Discretionary,51,Taiwan Strait tensions,armed_conflict_instability,procurement_supply_chain,-0.325,0.11,57,"Greater China ~15% revenue, Vietnam/Indonesia manufacturing, Xinjiang cotton controversy, brand-sensitive to boycotts"
Nike,NKE,Consumer Discretionary,51,Iran nuclear crisis,armed_conflict_instability,procurement_supply_chain,-0.325,0.11,57,"Greater China ~15% revenue, Vietnam/Indonesia manufacturing, Xinjiang cotton controversy, brand-sensitive to boycotts"
Nike,NKE,Consumer Discretionary,51,Major cyberattack,armed_conflict_instability,procurement_supply_chain,-0.325,0.11,57,"Greater China ~15% revenue, Vietnam/Indonesia manufacturing, Xinjiang cotton controversy, brand-sensitive to boycotts"
Nike,NKE,Consumer Discretionary,51,EU regulatory crackdown,regulatory_sovereignty_shifts,procurement_supply_chain,-0.371,0.08,43,"Greater China ~15% revenue, Vietnam/Indonesia manufacturing, Xinjiang cotton controversy, brand-sensitive to boycotts"
Nike,NKE,Consumer Discretionary,51,Emerging market debt crisis,resource_energy_disruptions,procurement_supply_chain,-0.373,0.08,40,"Greater China ~15% revenue, Vietnam/Indonesia manufacturing, Xinjiang cotton controversy, brand-sensitive to boycotts"
Nike,NKE,Consumer Discretionary,51,Global supply chain shock,resource_energy_disruptions,procurement_supply_chain,-0.373,0.08,40,"Greater China ~15% revenue, Vietnam/Indonesia manufacturing, Xinjiang cotton controversy, brand-sensitive to boycotts"
Goldman Sachs,GS,Financials,51,Red Sea shipping disruption,armed_conflict_instability,logistics_operations,-0.34,0.06,33,"Global investment banking, commodity trading, emerging market exposure, sanctions compliance for trading desks"
Goldman Sachs,GS,Financials,51,US-China tariff escalation,trade_policy_actions,procurement_supply_chain,-0.401,0.04,22,"Global investment banking, commodity trading, emerging market exposure, sanctions compliance for trading desks"
Goldman Sachs,GS,Financials,51,Russia-Ukraine escalation,armed_conflict_instability,logistics_operations,-0.34,0.06,33,"Global investment banking, commodity trading, emerging market exposure, sanctions compliance for trading desks"
Goldman Sachs,GS,Financials,51,OPEC production cut,resource_energy_disruptions,procurement_supply_chain,-0.313,0.08,40,"Global investment banking, commodity trading, emerging market exposure, sanctions compliance for trading desks"
Goldman Sachs,GS,Financials,51,Taiwan Strait tensions,armed_conflict_instability,logistics_operations,-0.34,0.06,33,"Global investment banking, commodity trading, emerging market exposure, sanctions compliance for trading desks"
Goldman Sachs,GS,Financials,51,Iran nuclear crisis,armed_conflict_instability,logistics_operations,-0.34,0.06,33,"Global investment banking, commodity trading, emerging market exposure, sanctions compliance for trading desks"
Goldman Sachs,GS,Financials,51,Major cyberattack,armed_conflict_instability,logistics_operations,-0.34,0.06,33,"Global investment banking, commodity trading, emerging market exposure, sanctions compliance for trading desks"
Goldman Sachs,GS,Financials,51,EU regulatory crackdown,regulatory_sovereignty_shifts,procurement_supply_chain,-0.4,0.05,25,"Global investment banking, commodity trading, emerging market exposure, sanctions compliance for trading desks"
Goldman Sachs,GS,Financials,51,Emerging market debt crisis,resource_energy_disruptions,procurement_supply_chain,-0.313,0.08,40,"Global investment banking, commodity trading, emerging market exposure, sanctions compliance for trading desks"
Goldman Sachs,GS,Financials,51,Global supply chain shock,resource_energy_disruptions,procurement_supply_chain,-0.313,0.08,40,"Global investment banking, commodity trading, emerging market exposure, sanctions compliance for trading desks"
Coca-Cola,KO,Consumer Staples,46,Red Sea shipping disruption,armed_conflict_instability,logistics_operations,-0.331,0.15,70,"Sells in 200+ countries, bottling partners worldwide, brand boycott risk, FX exposure to 80+ currencies"
Coca-Cola,KO,Consumer Staples,46,US-China tariff escalation,trade_policy_actions,procurement_supply_chain,-0.311,0.07,32,"Sells in 200+ countries, bottling partners worldwide, brand boycott risk, FX exposure to 80+ currencies"
Coca-Cola,KO,Consumer Staples,46,Russia-Ukraine escalation,armed_conflict_instability,logistics_operations,-0.331,0.15,70,"Sells in 200+ countries, bottling partners worldwide, brand boycott risk, FX exposure to 80+ currencies"
Coca-Cola,KO,Consumer Staples,46,OPEC production cut,resource_energy_disruptions,procurement_supply_chain,-0.337,0.08,36,"Sells in 200+ countries, bottling partners worldwide, brand boycott risk, FX exposure to 80+ currencies"
Coca-Cola,KO,Consumer Staples,46,Taiwan Strait tensions,armed_conflict_instability,logistics_operations,-0.331,0.15,70,"Sells in 200+ countries, bottling partners worldwide, brand boycott risk, FX exposure to 80+ currencies"
Coca-Cola,KO,Consumer Staples,46,Iran nuclear crisis,armed_conflict_instability,logistics_operations,-0.331,0.15,70,"Sells in 200+ countries, bottling partners worldwide, brand boycott risk, FX exposure to 80+ currencies"
Coca-Cola,KO,Consumer Staples,46,Major cyberattack,armed_conflict_instability,logistics_operations,-0.331,0.15,70,"Sells in 200+ countries, bottling partners worldwide, brand boycott risk, FX exposure to 80+ currencies"
Coca-Cola,KO,Consumer Staples,46,EU regulatory crackdown,regulatory_sovereignty_shifts,procurement_supply_chain,-0.371,0.06,27,"Sells in 200+ countries, bottling partners worldwide, brand boycott risk, FX exposure to 80+ currencies"
Coca-Cola,KO,Consumer Staples,46,Emerging market debt crisis,resource_energy_disruptions,procurement_supply_chain,-0.337,0.08,36,"Sells in 200+ countries, bottling partners worldwide, brand boycott risk, FX exposure to 80+ currencies"
Coca-Cola,KO,Consumer Staples,46,Global supply chain shock,resource_energy_disruptions,procurement_supply_chain,-0.337,0.08,36,"Sells in 200+ countries, bottling partners worldwide, brand boycott risk, FX exposure to 80+ currencies"
PepsiCo,PEP,Consumer Staples,92,Red Sea shipping disruption,armed_conflict_instability,logistics_operations,-0.334,0.11,98,"Frito-Lay global, maintained Russia operations longer than peers, India/Middle East snack business, agricultural sourcing"
PepsiCo,PEP,Consumer Staples,92,US-China tariff escalation,trade_policy_actions,procurement_supply_chain,-0.332,0.09,81,"Frito-Lay global, maintained Russia operations longer than peers, India/Middle East snack business, agricultural sourcing"
PepsiCo,PEP,Consumer Staples,92,Russia-Ukraine escalation,armed_conflict_instability,logistics_operations,-0.334,0.11,98,"Frito-Lay global, maintained Russia operations longer than peers, India/Middle East snack business, agricultural sourcing"
PepsiCo,PEP,Consumer Staples,92,OPEC production cut,resource_energy_disruptions,procurement_supply_chain,-0.33,0.1,89,"Frito-Lay global, maintained Russia operations longer than peers, India/Middle East snack business, agricultural sourcing"
PepsiCo,PEP,Consumer Staples,92,Taiwan Strait tensions,armed_conflict_instability,logistics_operations,-0.334,0.11,98,"Frito-Lay global, maintained Russia operations longer than peers, India/Middle East snack business, agricultural sourcing"
PepsiCo,PEP,Consumer Staples,92,Iran nuclear crisis,armed_conflict_instability,logistics_operations,-0.334,0.11,98,"Frito-Lay global, maintained Russia operations longer than peers, India/Middle East snack business, agricultural sourcing"
PepsiCo,PEP,Consumer Staples,92,Major cyberattack,armed_conflict_instability,logistics_operations,-0.334,0.11,98,"Frito-Lay global, maintained Russia operations longer than peers, India/Middle East snack business, agricultural sourcing"
PepsiCo,PEP,Consumer Staples,92,EU regulatory crackdown,regulatory_sovereignty_shifts,procurement_supply_chain,-0.377,0.06,56,"Frito-Lay global, maintained Russia operations longer than peers, India/Middle East snack business, agricultural sourcing"
PepsiCo,PEP,Consumer Staples,92,Emerging market debt crisis,resource_energy_disruptions,procurement_supply_chain,-0.33,0.1,89,"Frito-Lay global, maintained Russia operations longer than peers, India/Middle East snack business, agricultural sourcing"
PepsiCo,PEP,Consumer Staples,92,Global supply chain shock,resource_energy_disruptions,procurement_supply_chain,-0.33,0.1,89,"Frito-Lay global, maintained Russia operations longer than peers, India/Middle East snack business, agricultural sourcing"
Walmart,WMT,Consumer Staples,648,Red Sea shipping disruption,armed_conflict_instability,procurement_supply_chain,-0.321,0.1,650,"Massive China sourcing, international stores in 19 countries, tariff pass-through to consumers, India (Flipkart)"
Walmart,WMT,Consumer Staples,648,US-China tariff escalation,trade_policy_actions,procurement_supply_chain,-0.305,0.09,572,"Massive China sourcing, international stores in 19 countries, tariff pass-through to consumers, India (Flipkart)"
Walmart,WMT,Consumer Staples,648,Russia-Ukraine escalation,armed_conflict_instability,procurement_supply_chain,-0.321,0.1,650,"Massive China sourcing, international stores in 19 countries, tariff pass-through to consumers, India (Flipkart)"
Walmart,WMT,Consumer Staples,648,OPEC production cut,resource_energy_disruptions,procurement_supply_chain,-0.377,0.1,637,"Massive China sourcing, international stores in 19 countries, tariff pass-through to consumers, India (Flipkart)"
Walmart,WMT,Consumer Staples,648,Taiwan Strait tensions,armed_conflict_instability,procurement_supply_chain,-0.321,0.1,650,"Massive China sourcing, international stores in 19 countries, tariff pass-through to consumers, India (Flipkart)"
Walmart,WMT,Consumer Staples,648,Iran nuclear crisis,armed_conflict_instability,procurement_supply_chain,-0.321,0.1,650,"Massive China sourcing, international stores in 19 countries, tariff pass-through to consumers, India (Flipkart)"
Walmart,WMT,Consumer Staples,648,Major cyberattack,armed_conflict_instability,procurement_supply_chain,-0.321,0.1,650,"Massive China sourcing, international stores in 19 countries, tariff pass-through to consumers, India (Flipkart)"
Walmart,WMT,Consumer Staples,648,EU regulatory crackdown,regulatory_sovereignty_shifts,procurement_supply_chain,-0.376,0.08,500,"Massive China sourcing, international stores in 19 countries, tariff pass-through to consumers, India (Flipkart)"
Walmart,WMT,Consumer Staples,648,Emerging market debt crisis,resource_energy_disruptions,procurement_supply_chain,-0.377,0.1,637,"Massive China sourcing, international stores in 19 countries, tariff pass-through to consumers, India (Flipkart)"
Walmart,WMT,Consumer Staples,648,Global supply chain shock,resource_energy_disruptions,procurement_supply_chain,-0.377,0.1,637,"Massive China sourcing, international stores in 19 countries, tariff pass-through to consumers, India (Flipkart)"
Home Depot,HD,Consumer Discretionary,157,Red Sea shipping disruption,armed_conflict_instability,logistics_operations,-0.331,0.11,179,"Primarily US/Canada/Mexico, heavy import dependency for building materials, tariff exposure on Chinese goods"
Home Depot,HD,Consumer Discretionary,157,US-China tariff escalation,trade_policy_actions,procurement_supply_chain,-0.31,0.09,138,"Primarily US/Canada/Mexico, heavy import dependency for building materials, tariff exposure on Chinese goods"
Home Depot,HD,Consumer Discretionary,157,Russia-Ukraine escalation,armed_conflict_instability,logistics_operations,-0.331,0.11,179,"Primarily US/Canada/Mexico, heavy import dependency for building materials, tariff exposure on Chinese goods"
Home Depot,HD,Consumer Discretionary,157,OPEC production cut,resource_energy_disruptions,procurement_supply_chain,-0.376,0.1,151,"Primarily US/Canada/Mexico, heavy import dependency for building materials, tariff exposure on Chinese goods"
Home Depot,HD,Consumer Discretionary,157,Taiwan Strait tensions,armed_conflict_instability,logistics_operations,-0.331,0.11,179,"Primarily US/Canada/Mexico, heavy import dependency for building materials, tariff exposure on Chinese goods"
Home Depot,HD,Consumer Discretionary,157,Iran nuclear crisis,armed_conflict_instability,logistics_operations,-0.331,0.11,179,"Primarily US/Canada/Mexico, heavy import dependency for building materials, tariff exposure on Chinese goods"
Home Depot,HD,Consumer Discretionary,157,Major cyberattack,armed_conflict_instability,logistics_operations,-0.331,0.11,179,"Primarily US/Canada/Mexico, heavy import dependency for building materials, tariff exposure on Chinese goods"
Home Depot,HD,Consumer Discretionary,157,EU regulatory crackdown,regulatory_sovereignty_shifts,procurement_supply_chain,-0.376,0.07,111,"Primarily US/Canada/Mexico, heavy import dependency for building materials, tariff exposure on Chinese goods"
Home Depot,HD,Consumer Discretionary,157,Emerging market debt crisis,resource_energy_disruptions,procurement_supply_chain,-0.376,0.1,151,"Primarily US/Canada/Mexico, heavy import dependency for building materials, tariff exposure on Chinese goods"
Home Depot,HD,Consumer Discretionary,157,Global supply chain shock,resource_energy_disruptions,procurement_supply_chain,-0.376,0.1,151,"Primarily US/Canada/Mexico, heavy import dependency for building materials, tariff exposure on Chinese goods"
Pfizer,PFE,Health Care,58,Red Sea shipping disruption,armed_conflict_instability,logistics_operations,-0.414,0.06,34,"Global pharma distribution, API manufacturing in Ireland/Puerto Rico, vaccine geopolitics, IP licensing globally"
Pfizer,PFE,Health Care,58,US-China tariff escalation,trade_policy_actions,procurement_supply_chain,-0.401,0.04,25,"Global pharma distribution, API manufacturing in Ireland/Puerto Rico, vaccine geopolitics, IP licensing globally"
Pfizer,PFE,Health Care,58,Russia-Ukraine escalation,armed_conflict_instability,logistics_operations,-0.414,0.06,34,"Global pharma distribution, API manufacturing in Ireland/Puerto Rico, vaccine geopolitics, IP licensing globally"
Pfizer,PFE,Health Care,58,OPEC production cut,resource_energy_disruptions,procurement_supply_chain,-0.402,0.08,45,"Global pharma distribution, API manufacturing in Ireland/Puerto Rico, vaccine geopolitics, IP licensing globally"
Pfizer,PFE,Health Care,58,Taiwan Strait tensions,armed_conflict_instability,logistics_operations,-0.414,0.06,34,"Global pharma distribution, API manufacturing in Ireland/Puerto Rico, vaccine geopolitics, IP licensing globally"
Pfizer,PFE,Health Care,58,Iran nuclear crisis,armed_conflict_instability,logistics_operations,-0.414,0.06,34,"Global pharma distribution, API manufacturing in Ireland/Puerto Rico, vaccine geopolitics, IP licensing globally"
Pfizer,PFE,Health Care,58,Major cyberattack,armed_conflict_instability,logistics_operations,-0.414,0.06,34,"Global pharma distribution, API manufacturing in Ireland/Puerto Rico, vaccine geopolitics, IP licensing globally"
Pfizer,PFE,Health Care,58,EU regulatory crackdown,regulatory_sovereignty_shifts,procurement_supply_chain,-0.4,0.05,28,"Global pharma distribution, API manufacturing in Ireland/Puerto Rico, vaccine geopolitics, IP licensing globally"
Pfizer,PFE,Health Care,58,Emerging market debt crisis,resource_energy_disruptions,procurement_supply_chain,-0.402,0.08,45,"Global pharma distribution, API manufacturing in Ireland/Puerto Rico, vaccine geopolitics, IP licensing globally"
Pfizer,PFE,Health Care,58,Global supply chain shock,resource_energy_disruptions,procurement_supply_chain,-0.402,0.08,45,"Global pharma distribution, API manufacturing in Ireland/Puerto Rico, vaccine geopolitics, IP licensing globally"
Eli Lilly,LLY,Health Care,41,Red Sea shipping disruption,armed_conflict_instability,workforce_talent,-0.342,0.09,35,"US-centric revenue but global manufacturing, insulin pricing politics, China pharmaceutical market entry"
Eli Lilly,LLY,Health Care,41,US-China tariff escalation,trade_policy_actions,procurement_supply_chain,-0.349,0.09,35,"US-centric revenue but global manufacturing, insulin pricing politics, China pharmaceutical market entry"
Eli Lilly,LLY,Health Care,41,Russia-Ukraine escalation,armed_conflict_instability,workforce_talent,-0.342,0.09,35,"US-centric revenue but global manufacturing, insulin pricing politics, China pharmaceutical market entry"
Eli Lilly,LLY,Health Care,41,OPEC production cut,resource_energy_disruptions,procurement_supply_chain,-0.324,0.13,54,"US-centric revenue but global manufacturing, insulin pricing politics, China pharmaceutical market entry"
Eli Lilly,LLY,Health Care,41,Taiwan Strait tensions,armed_conflict_instability,workforce_talent,-0.342,0.09,35,"US-centric revenue but global manufacturing, insulin pricing politics, China pharmaceutical market entry"
Eli Lilly,LLY,Health Care,41,Iran nuclear crisis,armed_conflict_instability,workforce_talent,-0.342,0.09,35,"US-centric revenue but global manufacturing, insulin pricing politics, China pharmaceutical market entry"
Eli Lilly,LLY,Health Care,41,Major cyberattack,armed_conflict_instability,workforce_talent,-0.342,0.09,35,"US-centric revenue but global manufacturing, insulin pricing politics, China pharmaceutical market entry"
Eli Lilly,LLY,Health Care,41,EU regulatory crackdown,regulatory_sovereignty_shifts,procurement_supply_chain,-0.391,0.08,34,"US-centric revenue but global manufacturing, insulin pricing politics, China pharmaceutical market entry"
Eli Lilly,LLY,Health Care,41,Emerging market debt crisis,resource_energy_disruptions,procurement_supply_chain,-0.324,0.13,54,"US-centric revenue but global manufacturing, insulin pricing politics, China pharmaceutical market entry"
Eli Lilly,LLY,Health Care,41,Global supply chain shock,resource_energy_disruptions,procurement_supply_chain,-0.324,0.13,54,"US-centric revenue but global manufacturing, insulin pricing politics, China pharmaceutical market entry"
Mastercard,MA,Financials,28,Red Sea shipping disruption,armed_conflict_instability,procurement_supply_chain,-0.32,0.09,24,"Similar to Visa — global payment network, Russia exit, India data localization mandate, cross-border transaction volume"
Mastercard,MA,Financials,28,US-China tariff escalation,trade_policy_actions,procurement_supply_chain,-0.378,0.07,19,"Similar to Visa — global payment network, Russia exit, India data localization mandate, cross-border transaction volume"
Mastercard,MA,Financials,28,Russia-Ukraine escalation,armed_conflict_instability,procurement_supply_chain,-0.32,0.09,24,"Similar to Visa — global payment network, Russia exit, India data localization mandate, cross-border transaction volume"
Mastercard,MA,Financials,28,OPEC production cut,resource_energy_disruptions,procurement_supply_chain,-0.379,0.08,22,"Similar to Visa — global payment network, Russia exit, India data localization mandate, cross-border transaction volume"
Mastercard,MA,Financials,28,Taiwan Strait tensions,armed_conflict_instability,procurement_supply_chain,-0.32,0.09,24,"Similar to Visa — global payment network, Russia exit, India data localization mandate, cross-border transaction volume"
Mastercard,MA,Financials,28,Iran nuclear crisis,armed_conflict_instability,procurement_supply_chain,-0.32,0.09,24,"Similar to Visa — global payment network, Russia exit, India data localization mandate, cross-border transaction volume"
Mastercard,MA,Financials,28,Major cyberattack,armed_conflict_instability,procurement_supply_chain,-0.32,0.09,24,"Similar to Visa — global payment network, Russia exit, India data localization mandate, cross-border transaction volume"
Mastercard,MA,Financials,28,EU regulatory crackdown,regulatory_sovereignty_shifts,procurement_supply_chain,-0.377,0.07,20,"Similar to Visa — global payment network, Russia exit, India data localization mandate, cross-border transaction volume"
Mastercard,MA,Financials,28,Emerging market debt crisis,resource_energy_disruptions,procurement_supply_chain,-0.379,0.08,22,"Similar to Visa — global payment network, Russia exit, India data localization mandate, cross-border transaction volume"
Mastercard,MA,Financials,28,Global supply chain shock,resource_energy_disruptions,procurement_supply_chain,-0.379,0.08,22,"Similar to Visa — global payment network, Russia exit, India data localization mandate, cross-border transaction volume"
Schlumberger,SLB,Energy,36,Red Sea shipping disruption,armed_conflict_instability,logistics_operations,-0.327,0.09,31,"Oilfield services in 120+ countries, Middle East operations critical, benefits from energy price spikes"
Schlumberger,SLB,Energy,36,US-China tariff escalation,trade_policy_actions,procurement_supply_chain,-0.301,0.07,26,"Oilfield services in 120+ countries, Middle East operations critical, benefits from energy price spikes"
Schlumberger,SLB,Energy,36,Russia-Ukraine escalation,armed_conflict_instability,logistics_operations,-0.327,0.09,31,"Oilfield services in 120+ countries, Middle East operations critical, benefits from energy price spikes"
Schlumberger,SLB,Energy,36,OPEC production cut,resource_energy_disruptions,procurement_supply_chain,-0.333,0.13,45,"Oilfield services in 120+ countries, Middle East operations critical, benefits from energy price spikes"
Schlumberger,SLB,Energy,36,Taiwan Strait tensions,armed_conflict_instability,logistics_operations,-0.327,0.09,31,"Oilfield services in 120+ countries, Middle East operations critical, benefits from energy price spikes"
Schlumberger,SLB,Energy,36,Iran nuclear crisis,armed_conflict_instability,logistics_operations,-0.327,0.09,31,"Oilfield services in 120+ countries, Middle East operations critical, benefits from energy price spikes"
Schlumberger,SLB,Energy,36,Major cyberattack,armed_conflict_instability,logistics_operations,-0.327,0.09,31,"Oilfield services in 120+ countries, Middle East operations critical, benefits from energy price spikes"
Schlumberger,SLB,Energy,36,EU regulatory crackdown,regulatory_sovereignty_shifts,procurement_supply_chain,-0.295,0.08,30,"Oilfield services in 120+ countries, Middle East operations critical, benefits from energy price spikes"
Schlumberger,SLB,Energy,36,Emerging market debt crisis,resource_energy_disruptions,procurement_supply_chain,-0.333,0.13,45,"Oilfield services in 120+ countries, Middle East operations critical, benefits from energy price spikes"
Schlumberger,SLB,Energy,36,Global supply chain shock,resource_energy_disruptions,procurement_supply_chain,-0.333,0.13,45,"Oilfield services in 120+ countries, Middle East operations critical, benefits from energy price spikes"
FedEx,FDX,Industrials,88,Red Sea shipping disruption,armed_conflict_instability,procurement_supply_chain,-0.297,0.1,87,"Global logistics, air freight routes over conflict zones, Red Sea rerouting costs, China e-commerce volume"
FedEx,FDX,Industrials,88,US-China tariff escalation,trade_policy_actions,procurement_supply_chain,-0.306,0.05,42,"Global logistics, air freight routes over conflict zones, Red Sea rerouting costs, China e-commerce volume"
FedEx,FDX,Industrials,88,Russia-Ukraine escalation,armed_conflict_instability,procurement_supply_chain,-0.297,0.1,87,"Global logistics, air freight routes over conflict zones, Red Sea rerouting costs, China e-commerce volume"
FedEx,FDX,Industrials,88,OPEC production cut,resource_energy_disruptions,procurement_supply_chain,-0.38,0.15,130,"Global logistics, air freight routes over conflict zones, Red Sea rerouting costs, China e-commerce volume"
FedEx,FDX,Industrials,88,Taiwan Strait tensions,armed_conflict_instability,procurement_supply_chain,-0.297,0.1,87,"Global logistics, air freight routes over conflict zones, Red Sea rerouting costs, China e-commerce volume"
FedEx,FDX,Industrials,88,Iran nuclear crisis,armed_conflict_instability,procurement_supply_chain,-0.297,0.1,87,"Global logistics, air freight routes over conflict zones, Red Sea rerouting costs, China e-commerce volume"
FedEx,FDX,Industrials,88,Major cyberattack,armed_conflict_instability,procurement_supply_chain,-0.297,0.1,87,"Global logistics, air freight routes over conflict zones, Red Sea rerouting costs, China e-commerce volume"
FedEx,FDX,Industrials,88,EU regulatory crackdown,regulatory_sovereignty_shifts,procurement_supply_chain,-0.378,0.06,52,"Global logistics, air freight routes over conflict zones, Red Sea rerouting costs, China e-commerce volume"
FedEx,FDX,Industrials,88,Emerging market debt crisis,resource_energy_disruptions,procurement_supply_chain,-0.38,0.15,130,"Global logistics, air freight routes over conflict zones, Red Sea rerouting costs, China e-commerce volume"
FedEx,FDX,Industrials,88,Global supply chain shock,resource_energy_disruptions,procurement_supply_chain,-0.38,0.15,130,"Global logistics, air freight routes over conflict zones, Red Sea rerouting costs, China e-commerce volume"
General Motors,GM,Consumer Discretionary,172,Red Sea shipping disruption,armed_conflict_instability,procurement_supply_chain,-0.32,0.09,153,"China JV (Buick/Wuling), Mexico manufacturing (USMCA), EV battery minerals from DRC/Chile, tariff exposure"
General Motors,GM,Consumer Discretionary,172,US-China tariff escalation,trade_policy_actions,procurement_supply_chain,-0.337,0.07,125,"China JV (Buick/Wuling), Mexico manufacturing (USMCA), EV battery minerals from DRC/Chile, tariff exposure"
General Motors,GM,Consumer Discretionary,172,Russia-Ukraine escalation,armed_conflict_instability,procurement_supply_chain,-0.32,0.09,153,"China JV (Buick/Wuling), Mexico manufacturing (USMCA), EV battery minerals from DRC/Chile, tariff exposure"
General Motors,GM,Consumer Discretionary,172,OPEC production cut,resource_energy_disruptions,procurement_supply_chain,-0.303,0.1,170,"China JV (Buick/Wuling), Mexico manufacturing (USMCA), EV battery minerals from DRC/Chile, tariff exposure"
General Motors,GM,Consumer Discretionary,172,Taiwan Strait tensions,armed_conflict_instability,procurement_supply_chain,-0.32,0.09,153,"China JV (Buick/Wuling), Mexico manufacturing (USMCA), EV battery minerals from DRC/Chile, tariff exposure"
General Motors,GM,Consumer Discretionary,172,Iran nuclear crisis,armed_conflict_instability,procurement_supply_chain,-0.32,0.09,153,"China JV (Buick/Wuling), Mexico manufacturing (USMCA), EV battery minerals from DRC/Chile, tariff exposure"
General Motors,GM,Consumer Discretionary,172,Major cyberattack,armed_conflict_instability,procurement_supply_chain,-0.32,0.09,153,"China JV (Buick/Wuling), Mexico manufacturing (USMCA), EV battery minerals from DRC/Chile, tariff exposure"
General Motors,GM,Consumer Discretionary,172,EU regulatory crackdown,regulatory_sovereignty_shifts,procurement_supply_chain,-0.376,0.07,115,"China JV (Buick/Wuling), Mexico manufacturing (USMCA), EV battery minerals from DRC/Chile, tariff exposure"
General Motors,GM,Consumer Discretionary,172,Emerging market debt crisis,resource_energy_disruptions,procurement_supply_chain,-0.303,0.1,170,"China JV (Buick/Wuling), Mexico manufacturing (USMCA), EV battery minerals from DRC/Chile, tariff exposure"
General Motors,GM,Consumer Discretionary,172,Global supply chain shock,resource_energy_disruptions,procurement_supply_chain,-0.303,0.1,170,"China JV (Buick/Wuling), Mexico manufacturing (USMCA), EV battery minerals from DRC/Chile, tariff exposure"
Ford,F,Consumer Discretionary,176,Red Sea shipping disruption,armed_conflict_instability,procurement_supply_chain,-0.322,0.11,198,"Mexico/Canada manufacturing, European operations, China JV, EV battery supply chain, tariff exposure on imports"
Ford,F,Consumer Discretionary,176,US-China tariff escalation,trade_policy_actions,procurement_supply_chain,-0.38,0.06,113,"Mexico/Canada manufacturing, European operations, China JV, EV battery supply chain, tariff exposure on imports"
Ford,F,Consumer Discretionary,176,Russia-Ukraine escalation,armed_conflict_instability,procurement_supply_chain,-0.322,0.11,198,"Mexico/Canada manufacturing, European operations, China JV, EV battery supply chain, tariff exposure on imports"
Ford,F,Consumer Discretionary,176,OPEC production cut,resource_energy_disruptions,procurement_supply_chain,-0.331,0.14,247,"Mexico/Canada manufacturing, European operations, China JV, EV battery supply chain, tariff exposure on imports"
Ford,F,Consumer Discretionary,176,Taiwan Strait tensions,armed_conflict_instability,procurement_supply_chain,-0.322,0.11,198,"Mexico/Canada manufacturing, European operations, China JV, EV battery supply chain, tariff exposure on imports"
Ford,F,Consumer Discretionary,176,Iran nuclear crisis,armed_conflict_instability,procurement_supply_chain,-0.322,0.11,198,"Mexico/Canada manufacturing, European operations, China JV, EV battery supply chain, tariff exposure on imports"
Ford,F,Consumer Discretionary,176,Major cyberattack,armed_conflict_instability,procurement_supply_chain,-0.322,0.11,198,"Mexico/Canada manufacturing, European operations, China JV, EV battery supply chain, tariff exposure on imports"
Ford,F,Consumer Discretionary,176,EU regulatory crackdown,regulatory_sovereignty_shifts,procurement_supply_chain,-0.375,0.07,121,"Mexico/Canada manufacturing, European operations, China JV, EV battery supply chain, tariff exposure on imports"
Ford,F,Consumer Discretionary,176,Emerging market debt crisis,resource_energy_disruptions,procurement_supply_chain,-0.331,0.14,247,"Mexico/Canada manufacturing, European operations, China JV, EV battery supply chain, tariff exposure on imports"
Ford,F,Consumer Discretionary,176,Global supply chain shock,resource_energy_disruptions,procurement_supply_chain,-0.331,0.14,247,"Mexico/Canada manufacturing, European operations, China JV, EV battery supply chain, tariff exposure on imports"
